date,predicted_log_return,actual_log_return,horizon
2020-06-30,0.0008139928104355931,0.010777109641382582,7
2020-07-01,0.0008105054730549455,-0.011507221156222642,7
2020-07-02,0.0005466979928314686,0.005658436902093332,7
2020-07-03,0.0010338539723306894,0.001953398137536515,7
2020-07-04,0.0012855448294430971,-0.0027917382732647934,7
2020-07-05,0.0005176675040274858,0.011894315415753344,7
2020-07-06,0.00028525403467938304,0.00589452195636251,7
2020-07-07,0.000641878112219274,-0.00927056633958064,7
2020-07-08,-0.00033816054929047823,-0.001053886998839206,7
2020-07-09,-0.00029485614504665136,0.0067478132145082585,7
2020-07-10,0.0005562094738706946,-0.00038594073532106725,7
2020-07-11,0.0005346098332665861,0.00022055580151163396,7
2020-07-12,0.0007116464548744261,-0.00747077434989057,7
2020-07-13,0.0006107055232860148,0.005373527596294512,7
2020-07-14,0.000566085975151509,0.004080063001375148,7
2020-07-15,0.0008119735866785049,0.014475985449872324,7
2020-07-16,0.001011491403914988,0.011431777232282484,7
2020-07-17,0.0010667216265574098,0.013262158110286661,7
2020-07-18,0.0015755516942590475,0.003960401216096914,7
2020-07-19,0.001431113458238542,0.017500773158729496,7
2020-07-20,0.0016186136053875089,0.007018296947042197,7
2020-07-21,0.0018992181867361069,0.0045151436378199775,7
2020-07-22,0.0020028178114444017,0.006836412524407538,7
2020-07-23,0.0026229601353406906,0.009664355332334723,7
2020-07-24,0.0032121147960424423,0.00020139972879106369,7
2020-07-25,0.002535314066335559,0.017318826804710932,7
2020-07-26,0.0036737460177391768,0.013905833002292426,7
2020-07-27,0.00422776211053133,0.00976043876493681,7
2020-07-28,0.005089174024760723,-0.020208624459776437,7
2020-07-29,0.0018745866836979985,0.005752652489449841,7
2020-07-30,0.0025298488326370716,-0.04687260395199432,7
2020-07-31,0.00021907268092036247,0.001386286259031566,7
2020-08-01,0.001505493652075529,0.010920147298767365,7
2020-08-02,0.0018356662476435304,-0.010509764611157083,7
2020-08-03,0.002105873543769121,0.024770166005325046,7
2020-08-04,0.003151968354359269,0.007178853304286545,7
2020-08-05,0.0027055079117417336,-0.021490007102860514,7
2020-08-06,0.0013858259189873934,-0.012152927351411623,7
2020-08-07,0.0010526530677452683,0.0002568383216891825,7
2020-08-08,0.001360630034469068,-0.004014209497204399,7
2020-08-09,0.0015489498618990183,-0.00833704955819377,7
2020-08-10,0.0011897673830389977,0.015172135397039535,7
2020-08-11,0.0016100093489512801,-0.010244356148632908,7
2020-08-12,0.0006590981502085924,0.02165151757673274,7
2020-08-13,0.0012820146512240171,0.0018717597471813576,7
2020-08-14,0.001759509788826108,0.00015161086573578617,7
2020-08-15,0.0015610592672601342,-0.017433411244021358,7
2020-08-16,0.0009506308706477284,-0.0035544145599328753,7
2020-08-17,0.000903837732039392,-0.0018078050428516589,7
2020-08-18,0.0008173812530003488,0.00459059477991076,7
2020-08-19,0.0015004295855760574,-0.005262898479631865,7
2020-08-20,0.0008916032966226339,0.011265841007743086,7
2020-08-21,0.0011126063764095306,0.004796906524156626,7
2020-08-22,0.001326369121670723,-0.008384078557679739,7
2020-08-23,0.001034110551699996,0.008078579573633669,7
2020-08-24,0.0015180660411715508,0.0012722971766393153,7
2020-08-25,0.0015147062949836254,0.0021845717022344444,7
2020-08-26,0.001199306920170784,-0.010509228443517196,7
2020-08-27,0.0008058328530751169,0.006237239034514628,7
2020-08-28,0.0012585470685735345,-0.026597999390147935,7
2020-08-29,0.0012528407387435436,-0.0015714214118386911,7
2020-08-30,0.001035646884702146,-0.02076345779611624,7
2020-08-31,0.0004229464684613049,0.004539030034251091,7
2020-09-01,0.0008356787730008364,-0.005663618473120441,7
2020-09-02,0.0010109918657690287,0.008536572141048492,7
2020-09-03,0.001005520112812519,0.011042246658615635,7
2020-09-04,0.0014444752596318722,-0.00405402403235844,7
2020-09-05,0.0011474860366433859,0.010913587518059958,7
2020-09-06,0.0018747199792414904,-0.004550336050380225,7
2020-09-07,0.0015833813231438398,0.006531360574801682,7
2020-09-08,0.0017433232860639691,-0.005902495655219154,7
2020-09-09,0.0015713386237621307,-0.009474752424570325,7
2020-09-10,0.0022950961720198393,0.0022715876536830225,7
2020-09-11,0.0017433164175599813,0.016277542553999495,7
2020-09-12,0.0012949317460879683,0.0014007421034307244,7
2020-09-13,0.0016630361787974834,-0.017942157788760463,7
2020-09-14,0.001718736020848155,0.00668089494094681,7
2020-09-15,0.0016937232576310635,0.0008385305244753753,7
2020-09-16,0.0011188071221113205,-0.0013105131223238038,7
2020-09-17,0.0010533632012084126,0.0027762517504403383,7
2020-09-18,0.001105218194425106,0.0019335795525462383,7
2020-09-19,0.0012406891910359263,0.007334423890154522,7
2020-09-20,0.0020028867293149233,-0.012988889217727865,7
2020-09-21,0.002708379877731204,0.0003149771667598595,7
2020-09-22,0.0017576991813257337,0.00026240520762498514,7
2020-09-23,0.0018015748355537653,0.003248116854027898,7
2020-09-24,0.001893998822197318,-0.01725135764365516,7
2020-09-25,0.0015298244543373585,-0.005977814555915145,7
2020-09-26,0.0025639410596340895,0.006350244131127812,7
2020-09-27,0.0021597964223474264,0.006680122391688053,7
2020-09-28,0.0017499607056379318,0.009413937886679088,7
2020-09-29,0.002092884387820959,-0.007460760714424215,7
2020-09-30,0.00305362232029438,0.026335115475440405,7
2020-10-01,0.0017013933975249529,0.002513788677856861,7
2020-10-02,0.0018837428651750088,-0.051139594051668805,7
2020-10-03,0.0014645999763160944,0.01179385386881573,7
2020-10-04,0.0017099336255341768,-0.007918714466221062,7
2020-10-05,0.0017537269741296768,0.0062652484789312195,7
2020-10-06,0.001480305683799088,0.006862641642771428,7
2020-10-07,0.0027487888000905514,0.0008479067810596536,7
2020-10-08,0.002041844418272376,-0.0014312600179774773,7
2020-10-09,0.0016771324444562197,-0.005959049291246272,7
2020-10-10,0.0018883688608184457,-0.006639206268848638,7
2020-10-11,0.0013801270397379994,0.005838416113144,7
2020-10-12,0.0010214520152658224,-0.018651826359130975,7
2020-10-13,0.0012636834289878607,-0.018230243506384282,7
2020-10-14,0.0014128957409411669,0.0004986011571122405,7
2020-10-15,-0.0005494052893482149,-0.00968395813635528,7
2020-10-16,0.0005221373867243528,-0.0034733816238137994,7
2020-10-17,0.00045806390698999166,-0.0005613674753833065,7
2020-10-18,0.0001590896281413734,0.021113068263834814,7
2020-10-19,0.0008113370276987553,0.006193327735483142,7
2020-10-20,0.0018238503253087401,0.005937968581883021,7
2020-10-21,0.0027723251841962337,-0.0005976474601296335,7
2020-10-22,0.0030866051092743874,0.014031530804257916,7
2020-10-23,0.0036828634329140186,0.004758222241615922,7
2020-10-24,0.003272016067057848,-0.019605302907578455,7
2020-10-25,0.0024023661389946938,-0.0005984929039606066,7
2020-10-26,0.0010076533071696758,0.003368653008987126,7
2020-10-27,0.0008149462519213557,-0.006257331949154451,7
2020-10-28,0.0021214671432971954,0.012583558135633294,7
2020-10-29,0.0010127107379958034,0.0020460916033394733,7
2020-10-30,0.0014932712074369192,0.016695947236526676,7
2020-10-31,0.0016759643331170082,-0.0007937978349241079,7
2020-11-01,0.0024753736797720194,-0.003234618510786843,7
2020-11-02,0.002274205442517996,-0.006661184738032852,7
2020-11-03,0.002503145718947053,0.004161781697937304,7
2020-11-04,0.0013291165232658386,0.0027118300191205395,7
2020-11-05,0.0011918534291908145,-0.0014879373560368146,7
2020-11-06,0.00038159266114234924,0.0013286213524073998,7
2020-11-07,0.00096930842846632,0.005561013192408017,7
2020-11-08,0.0004062156658619642,0.0008974528779735478,7
2020-11-09,0.0005757782491855323,0.026812653419628744,7
2020-11-10,0.0012762491824105382,0.003998979951137662,7
2020-11-11,0.001967095537111163,-0.02371325196037741,7
2020-11-12,0.0023346995003521442,0.0026162957731590735,7
2020-11-13,0.004157869145274162,-0.04172384337139968,7
2020-11-14,0.0003650708240456879,0.008355536647931617,7
2020-11-15,0.002173106651753187,-0.003572398927803663,7
2020-11-16,0.004403471481055021,0.005785207127591809,7
2020-11-17,0.0038589092437177896,-0.001888676599521836,7
2020-11-18,0.0033445863518863916,-0.011680789099469381,7
2020-11-19,0.0006450256332755089,0.005612940814619267,7
2020-11-20,0.00046956652658991516,-0.00038046580343177594,7
2020-11-21,0.0009346154984086752,0.014571223809809465,7
2020-11-22,0.0011773670557886362,-0.0003215089514351417,7
2020-11-23,0.0015436518006026745,-0.005212123241910875,7
2020-11-24,0.0013190327445045114,-0.0005388802199705557,7
2020-11-25,0.0016885759541764855,-0.0023204996786508557,7
2020-11-26,0.0013867344241589308,-0.0032469317989513536,7
2020-11-27,0.0008992431103251874,-0.0020075425206333326,7
2020-11-28,0.0009486019844189286,0.004930255144583987,7
2020-11-29,0.0005623516626656055,0.007323278650087384,7
2020-11-30,-0.00016829994274303317,-0.016498900210082646,7
2020-12-01,0.0004622028209269047,0.0009268093889536198,7
2020-12-02,0.0003751889453269541,-0.024213189632083725,7
2020-12-03,0.0008239035960286856,0.012097145470306048,7
2020-12-04,0.000341361912433058,0.011625487369992882,7
2020-12-05,0.000894170836545527,0.001797532962147959,7
2020-12-06,0.0008121542050503194,0.0028259352538234877,7
2020-12-07,0.0013317157281562686,-0.008666085029971415,7
2020-12-08,0.0008895875071175396,-0.001972603379369362,7
2020-12-09,0.0010197320953011513,-0.013362243980941465,7
2020-12-10,0.0012281129602342844,-0.0010010845755836272,7
2020-12-11,0.0009050208027474582,-0.013669652821984792,7
2020-12-12,0.00048096408136188984,0.0012402053565515158,7
2020-12-13,0.00011716171866282821,0.001351199394858604,7
2020-12-14,0.0001113942707888782,0.017290854116075175,7
2020-12-15,0.0005131734651513398,-0.0013833939621525247,7
2020-12-16,0.0003742422559298575,-0.004439765326048334,7
2020-12-17,0.0004923501401208341,-0.012593567498030303,7
2020-12-18,0.0007826387300156057,-0.02659822344154285,7
2020-12-19,0.00153094413690269,-0.0033605686647465833,7
2020-12-20,0.0010331784142181277,0.006133213694219689,7
2020-12-21,0.0004954988253302872,-0.01032072708328439,7
2020-12-22,0.0007072569569572806,-0.008839513140497106,7
2020-12-23,0.0008181589655578136,-0.0012944223977291518,7
2020-12-24,0.00041778141167014837,-0.012142900573487067,7
2020-12-25,0.0004495087778195739,0.022917731056014804,7
2020-12-26,7.228460162878036e-05,0.0028499161406880034,7
2020-12-27,0.0003107793163508177,0.0004645221312190068,7
2020-12-28,4.062848165631294e-05,-0.0016267723782771282,7
2020-12-29,1.2905336916446686e-05,0.005450868816680601,7
2020-12-30,0.00010804005432873964,0.00098263063887638,7
2020-12-31,8.29154159873724e-05,-0.0021978030824795383,7
2021-01-01,-0.000567835639230907,0.0031217507141848067,7
2021-01-02,-9.771279292181134e-05,0.005296195673681038,7
2021-01-03,0.0003137827734462917,-0.0020690851683051095,7
2021-01-04,0.0007752213859930634,-0.0075075427697356605,7
2021-01-05,0.00045956845860928297,0.004684391066055803,7
2021-01-06,0.000409858301281929,-0.004684391066055839,7
2021-01-07,0.00036327424459159374,0.004164985485196717,7
2021-01-08,0.00030330970184877515,-0.011670911976509817,7
2021-01-09,0.0006092104013077915,-0.015420233746584534,7
2021-01-10,0.0005245213396847248,0.017404014080924485,7
2021-01-11,0.0001674378290772438,0.007433251415052862,7
2021-01-12,0.00018727942369878292,0.0002314011348979508,7
2021-01-13,0.0002897475496865809,0.008180240327344733,7
2021-01-14,0.00011400564108043909,-0.0008035355996833353,7
2021-01-15,0.0004574304330162704,0.009486327496740509,7
2021-01-16,0.00029026909032836556,-0.007650622529658943,7
2021-01-17,-0.0003267456777393818,-0.006959050370618241,7
2021-01-18,-0.0002705192309804261,0.008562532560479662,7
2021-01-19,0.0002312776050530374,-0.006487005727188656,7
2021-01-20,0.00040087156230583787,0.017413588372279215,7
2021-01-21,-3.401678986847401e-05,0.007555716802459732,7
2021-01-22,-3.278115764260292e-05,-0.005407245347882458,7
2021-01-23,-5.1279261242598295e-05,0.004395611473038129,7
2021-01-24,-0.00013926043175160885,0.008231881848331209,7
2021-01-25,0.00025366828776896,-0.006209636467563463,7
2021-01-26,0.0003636553883552551,-0.002359684223180039,7
2021-01-27,4.9621507059782743e-05,0.0012928976758127568,7
2021-01-28,0.00019103451631963253,-0.0007305628468458846,7
2021-01-29,8.436341886408627e-05,-0.0027584671416473697,7
2021-01-30,-9.383371798321605e-05,-0.003161879433962366,7
2021-01-31,0.0003317587834317237,-0.0003393665190940577,7
2021-02-01,0.0001594332861714065,0.013541434621640463,7
2021-02-02,2.418080111965537e-05,-0.008857056611362593,7
2021-02-03,-0.0001275532995350659,0.004662536885267628,7
2021-02-04,-0.00017578696133568883,0.017444886839238203,7
2021-02-05,-0.00014073969214223325,0.008555028870281638,7
2021-02-06,-0.0001915338507387787,0.003434275227985528,7
2021-02-07,-0.00037965073715895414,-0.000816615446747156,7
2021-02-08,-2.6685062039177865e-05,-0.007269976538413798,7
2021-02-09,-0.00011476817599032074,0.0006581112445493242,7
2021-02-10,5.8946345234289765e-05,0.007700537765441741,7
2021-02-11,0.0005319482297636569,0.015921754697063473,7
2021-02-12,0.0010217598173767328,0.00021415569200593842,7
2021-02-13,0.000887800648342818,0.007200991244704014,7
2021-02-14,0.0010218443349003792,0.0002125737373153782,7
2021-02-15,0.0005961997085250914,-0.002766989473580349,7
2021-02-16,0.000952008122112602,0.004147618409963099,7
2021-02-17,0.0010061862412840128,0.007138166462683057,7
2021-02-18,0.0008188575739040971,0.001684565569981305,7
2021-02-19,0.0009950207313522696,-0.001421165067997426,7
2021-02-20,0.0009772947523742914,0.003575375805181714,7
2021-02-21,0.0010884299408644438,-0.0001574679162375447,7
2021-02-22,0.0008856491767801344,-0.001102959742566386,7
2021-02-23,0.0007210172479972243,0.0036718358308740237,7
2021-02-24,0.0012578258756548166,-0.019349303182095733,7
2021-02-25,0.0007727257907390594,0.009932889144810522,7
2021-02-26,0.0009353451314382255,0.0035876370653393605,7
2021-02-27,0.0011755003361031413,-0.0023199419874763844,7
2021-02-28,0.0010035732993856072,0.0005804902667029723,7
2021-03-01,0.0008130216738209128,0.00047469607157386384,7
2021-03-02,0.0010347586357966065,-0.008898363799302677,7
2021-03-03,0.0005092323408462107,-0.007315477825457272,7
2021-03-04,0.0007460959022864699,-0.00510438203618256,7
2021-03-05,0.0003332654887344688,0.0026897643845893472,7
2021-03-06,0.0002878337982110679,-0.04764115224685572,7
2021-03-07,-0.00016712764045223594,-0.0032733253449691376,7
2021-03-08,0.0004615679499693215,0.007826836880939377,7
2021-03-09,0.0003995834558736533,-0.003089629736349779,7
2021-03-10,0.0005376582266762853,0.003370032396404192,7
2021-03-11,0.000284467707388103,-0.0037639436589187404,7
2021-03-12,0.0005901270778849721,0.0006189337657142487,7
2021-03-13,0.0007377001456916332,0.0016299005996941918,7
2021-03-14,0.0009235328179784119,-0.009649370923486196,7
2021-03-15,0.0010945417452603579,0.004525918565260504,7
2021-03-16,0.00016577792121097445,0.0029309005311745307,7
2021-03-17,0.0002569673815742135,0.003651586878249954,7
2021-03-18,0.00039919535629451275,0.006093659666715633,7
2021-03-19,0.0002478139940649271,-0.0003902221528459625,7
2021-03-20,0.0005318133626133204,0.004783633551888179,7
2021-03-21,0.0001999032247113064,-0.0010548817012405278,7
2021-03-22,-0.00012451375368982553,0.005760512218355001,7
2021-03-23,0.00019583107496146113,-0.0025991995830423565,7
2021-03-24,6.5268686739727855e-06,0.002212512656528186,7
2021-03-25,-6.0102865973021835e-05,0.008308391901766016,7
2021-03-26,0.0004209843173157424,0.0021893823742738534,7
2021-03-27,0.00028951457352377474,-0.007683901691914551,7
2021-03-28,0.0007353101391345263,-0.0032007090952630344,7
2021-03-29,0.0007386989891529083,0.001215268337160062,7
2021-03-30,0.0006148372194729745,-0.00442625487504181,7
2021-03-31,0.0013227942399680614,0.0011084017982481392,7
2021-04-01,0.0007633501081727445,-0.0019960086467150384,7
2021-04-02,0.0007633836939930916,-0.0014440435722335803,7
2021-04-03,0.0005224607884883881,0.0003334259547422034,7
2021-04-04,0.0002273493737448007,-5.556327269099063e-05,7
2021-04-05,0.0001657020766288042,0.01986036945783355,7
2021-04-06,0.00021889129129704088,-0.010183498899742367,7
2021-04-07,0.000315234501613304,0.0027477073945097875,7
2021-04-08,0.0005604916368611157,-0.004455085332481255,7
2021-04-09,0.00017957150703296065,0.0002204707058482541,7
2021-04-10,0.00012551879626698792,-0.003091021945535715,7
2021-04-11,0.0003066012286581099,-0.02564530242087491,7
2021-04-12,0.00040404844912700355,-0.020977385456667354,7
2021-04-13,0.000542228517588228,0.0030073471280581696,7
2021-04-14,0.00027037697145715356,0.01239614151797742,7
2021-04-15,0.0004616021178662777,-0.0008558957470940374,7
2021-04-16,0.0005203084438107908,0.014957785958050003,7
2021-04-17,0.0008413972100242972,0.006502265061719287,7
2021-04-18,0.0008380891522392631,-0.0011180680950056182,7
2021-04-19,0.0008426349959336221,-0.001903589399642465,7
2021-04-20,0.000306041183648631,-0.000728801714108826,7
2021-04-21,0.00024738910724408925,0.0005046115999537827,7
2021-04-22,0.00016029621474444866,0.01242251999855711,7
2021-04-23,-1.752396929077804e-05,0.0012172182536407134,7
2021-04-24,0.0004421834019012749,-0.009723649331440912,7
2021-04-25,0.00015763426199555397,0.0023423132676654622,7
2021-04-26,0.0004201099509373307,0.013445301723837236,7
2021-04-27,0.000849182135425508,-0.004020161264254187,7
2021-04-28,0.0007701312424615026,0.0032504229372668737,7
2021-04-29,0.0010094493627548218,-0.0011557195639884364,7
2021-04-30,0.0011328982654958963,-0.002481048826106686,7
2021-05-01,0.0007188556483015418,0.01218055221998698,7
2021-05-02,0.0008798044873401523,-0.019382799419440277,7
2021-05-03,0.0008689069654792547,-0.0014466839745104114,7
2021-05-04,0.0004661001148633659,-0.0013372821888309667,7
2021-05-05,0.0006178746116347611,0.0036176469119188373,7
2021-05-06,0.0005995305837132037,-0.004398548334913076,7
2021-05-07,0.0006189642008394003,0.0012825876566555827,7
2021-05-08,0.0005588621716015041,0.007052646198119752,7
2021-05-09,0.0004232214705552906,-0.0068297553022900305,7
2021-05-10,0.0007218472892418504,-0.02145654608249096,7
2021-05-11,0.0007394773419946432,-0.0030215809312131455,7
2021-05-12,0.0005528207402676344,0.007055104365956194,7
2021-05-13,0.0006401918362826109,0.008131044232958176,7
2021-05-14,0.00053244992159307,0.00033736294950276045,7
2021-05-15,0.0006911531672812998,-0.016437483964377247,7
2021-05-16,0.00020081637194380164,0.0010852492854374458,7
2021-05-17,-0.00013528738054446876,0.0001712475387351198,7
2021-05-18,0.0009728416916914284,-0.008310694057389576,7
2021-05-19,0.0016316792462021112,-0.008438380900586592,7
2021-05-20,0.002124910010024905,0.019598891648736582,7
2021-05-21,0.0010317888809368014,0.0007964954622598573,7
2021-05-22,0.0005397099885158241,0.005218389607227845,7
2021-05-23,0.0006336981314234436,-0.0037976522898524262,7
2021-05-24,0.0010043957736343145,0.0005109717089629691,7
2021-05-25,0.0003164327936246991,-0.0014768534351438276,7
2021-05-26,0.0010682115098461509,-0.001023716178808605,7
2021-05-27,0.0004421115154400468,-0.0009678062865799159,7
2021-05-28,0.00012144079664722085,0.002048364869837562,7
2021-05-29,-0.00013643401325680315,0.01992187439023043,7
2021-05-30,-1.1822383385151625e-05,0.0017814400970184536,7
2021-05-31,0.0003508101508487016,-0.016600684071317734,7
2021-06-01,0.0007006454980000854,-0.00147142075217903,7
2021-06-02,0.0012680820655077696,0.002714780243205861,7
2021-06-03,0.0011356520699337125,0.008100398683503644,7
2021-06-04,0.0017151286592707038,-0.0016821805020931062,7
2021-06-05,0.0019193924963474274,0.008048783041420772,7
2021-06-06,0.0009868897031992674,0.005828331005659143,7
2021-06-07,0.0011395418550819159,-0.007444065262501881,7
2021-06-08,0.00054075667867437,0.003006516378605158,7
2021-06-09,0.001010846346616745,0.0021102912257571034,7
2021-06-10,0.0014329645782709122,-0.010428088365087388,7
2021-06-11,0.0010354374535381794,0.00664862632948619,7
2021-06-12,0.0002494137152098119,-0.003570236973212518,7
2021-06-13,0.00045375176705420017,-0.014353101496064164,7
2021-06-14,-0.0001164967252407223,0.016641751354905705,7
2021-06-15,0.0009257898200303316,0.012907693819011442,7
2021-06-16,0.0010183154372498393,0.006145761222746673,7
2021-06-17,0.001341791357845068,0.0015305567653917241,7
2021-06-18,0.0013982984237372875,0.009513267909147595,7
2021-06-19,0.0011661244789138436,0.008404769049123318,7
2021-06-20,0.0015357837546616793,0.0024649031877807845,7
2021-06-21,0.00046547234524041414,-0.0010173757938922526,7
2021-06-22,0.002036031801253557,-0.006719191027838661,7
2021-06-23,0.0017992863431572914,0.008645973897538843,7
2021-06-24,0.00132451590616256,-0.0047164842497363045,7
2021-06-25,0.0011529101757332683,-0.00527876259449471,7
2021-06-26,0.0006518599693663418,-0.024769576018603606,7
2021-06-27,0.0010248725302517414,-0.012534633906404828,7
2021-06-28,0.00029225455364212394,0.0002802612052760381,7
2021-06-29,0.0005922526470385492,0.0006723065971202041,7
2021-06-30,0.0006739012897014618,-0.00011199170908988282,7
2021-07-01,0.0008176801493391395,-5.6042570298337285e-05,7
2021-07-02,0.0007784134359098971,-0.004885317294033074,7
2021-07-03,0.0005910182371735573,0.004381044976301327,7
2021-07-04,0.000772851228248328,-0.01217945701147524,7
2021-07-05,0.00013824226334691048,0.01195525433131418,7
2021-07-06,0.0012190773850306869,-0.002469552806974522,7
2021-07-07,0.0023936608340591192,0.0029179079117222406,7
2021-07-08,0.0015723842661827803,0.0004481541725335126,7
2021-07-09,0.0011648423969745636,-0.004940776992642753,7
2021-07-10,0.0011121093994006515,0.004548653076462267,7
2021-07-11,0.0005738966283388436,0.001959083775667754,7
2021-07-12,0.0006437808042392135,-0.00898730983289659,7
2021-07-13,0.0014808318810537457,-0.004410773945769212,7
2021-07-14,0.0009318907978013158,0.018918800435347893,7
2021-07-15,0.0009716255590319633,0.0037190240195301514,7
2021-07-16,0.0008729154942557216,-0.005723032706245463,7
2021-07-17,0.0006751863402314484,-0.003293056864757108,7
2021-07-18,-0.0006830466445535421,0.0075190418017368,7
2021-07-19,0.00014179889694787562,0.005257490181028316,7
2021-07-20,0.000975484901573509,-0.0016019890182051243,7
2021-07-21,0.0008885279530659318,0.0011603172835367873,7
2021-07-22,0.0011665088823065162,-0.0028202523739180325,7
2021-07-23,0.0009901919402182102,0.004585770073898099,7
2021-07-24,0.0007531786686740816,0.007961169783049367,7
2021-07-25,0.000460050388937816,-0.015708427833667344,7
2021-07-26,0.000837628438603133,0.008022838838869633,7
2021-07-27,0.0009877493139356375,0.005769722300446338,7
2021-07-28,0.0011248721275478601,-0.019866187477281746,7
2021-07-29,0.0014501697150990367,0.0045725836655799955,7
2021-07-30,0.0006547147058881819,0.0007785996722791342,7
2021-07-31,0.0007638629758730531,0.01089220953049151,7
2021-08-01,0.0008718284661881626,0.004827482083504889,7
2021-08-02,0.0009950092062354088,-0.0032340313768303573,7
2021-08-03,0.0004944176762364805,-0.002693863472461617,7
2021-08-04,0.0012040449073538184,-0.0022596388682734397,7
2021-08-05,0.0015053368406370282,-5.514939092701673e-05,7
2021-08-06,0.0013157451758161187,0.016906407099516078,7
2021-08-07,0.0017120612319558859,-0.00032557382674045475,7
2021-08-08,0.0011550778290256858,-0.005878527705944481,7
2021-08-09,0.0011710833059623837,0.005389968132673281,7
2021-08-10,0.00108981947414577,0.005847020068681496,7
2021-08-11,0.0014312851708382368,-0.012384059199721555,7
2021-08-12,0.0017245648195967078,-0.02020605347220218,7
2021-08-13,-0.00011793816520366818,-0.0036315932305795284,7
2021-08-14,0.0006277589127421379,0.005470289945844386,7
2021-08-15,1.9604762201197445e-05,0.002834988974564989,7
2021-08-16,0.0003831443900708109,0.004872926193750111,7
2021-08-17,0.0006771801854483783,-0.003430724923140897,7
2021-08-18,0.0001801790640456602,0.0020487839055532715,7
2021-08-19,0.0003365292213857174,0.007714386946398971,7
2021-08-20,0.000563646899536252,0.003342743611848979,7
2021-08-21,0.0007468131370842457,0.004748269256863377,7
2021-08-22,0.0007931584841571748,0.0004354926579442745,7
2021-08-23,0.00040647698915563524,0.0025546963208052387,7
2021-08-24,0.0006587000098079443,0.014711298590311726,7
2021-08-25,0.001156872371211648,-0.007086136587190682,7
2021-08-26,0.0007013764115981758,0.008208861183191243,7
2021-08-27,0.0010591467143967748,0.01616571576085193,7
2021-08-28,0.0016352682141587138,-0.0011573466492535804,7
2021-08-29,0.0012341028777882457,0.003992440688730126,7
2021-08-30,0.0017149723134934902,-0.0006817989024138875,7
2021-08-31,0.0012776183430105448,0.0022533849558848003,7
2021-09-01,0.00152482558041811,0.008288420269829393,7
2021-09-02,0.0019334391690790653,-0.020294883615880006,7
2021-09-03,0.002053462201729417,0.0069160585045596025,7
2021-09-04,0.0012691671727225184,0.02242258071257836,7
2021-09-05,0.0018890725914388895,-0.01112243431055554,7
2021-09-06,0.0007704905001446605,0.0070499488510892775,7
2021-09-07,0.0011918543605133891,0.01573382873615206,7
2021-09-08,0.001738096820190549,0.014788913069895696,7
2021-09-09,0.002814208623021841,0.023471071499430698,7
2021-09-10,0.004767912905663252,-0.0273364411373376,7
2021-09-11,0.0011344507802277803,0.00611745376670385,7
2021-09-12,0.001476384000852704,-0.007728246423457844,7
2021-09-13,0.001769165857695043,-0.012266360907387986,7
2021-09-14,0.00131700758356601,-0.015988002811592635,7
2021-09-15,0.0016802643658593297,-0.010680244270568701,7
2021-09-16,0.0010765667539089918,0.0176517925562213,7
2021-09-17,0.0008262441260740161,-0.007178855879035602,7
2021-09-18,0.001118615735322237,0.000103659168746258,7
2021-09-19,0.0011460341047495604,-0.004154770972774851,7
2021-09-20,0.0010090898722410202,0.008189120088001482,7
2021-09-21,0.0011983374133706093,0.012771041636390179,7
2021-09-22,0.0015099301235750318,-0.004085390219047577,7
2021-09-23,0.001522742211818695,-0.007396027550800427,7
2021-09-24,0.0008860731031745672,-0.014330463308096654,7
2021-09-25,0.0008158072596415877,0.013917964591306078,7
2021-09-26,0.0011841116938740015,0.007706177360076165,7
2021-09-27,0.0012882881565019488,-0.015628138690592357,7
2021-09-28,0.0012367365416139364,0.005339982101103936,7
2021-09-29,0.001290909480303526,-0.003366570575755085,7
2021-09-30,0.00102079170756042,-0.00228535912068295,7
2021-10-01,0.0011272733099758625,0.007614841634102182,7
2021-10-02,0.0009504071203991771,0.004017103820943999,7
2021-10-03,0.0008855650667101145,0.001335456565007493,7
2021-10-04,0.0010293673258274794,0.014219335977901561,7
2021-10-05,0.0013052658177912235,0.0043425638834559445,7
2021-10-06,0.0013019939651712775,-0.004950005056272127,7
2021-10-07,0.0008955316734500229,0.005806191052016234,7
2021-10-08,0.0013171798782423139,-0.013889816249416171,7
2021-10-09,0.0014656141865998507,-0.0017370872400503234,7
2021-10-10,0.0005109827616252005,-0.003791182367635111,7
2021-10-11,0.0008658400038257241,-0.007160365428803213,7
2021-10-12,0.000781700829975307,-0.0199991000930849,7
2021-10-13,0.0006430883659049869,0.0042630521655669116,7
2021-10-14,0.0008837903151288629,-0.00812069427873369,7
2021-10-15,0.0013866308145225048,0.0013756615926081575,7
2021-10-16,0.0008711511036381125,0.010728475240563997,7
2021-10-17,0.0012954066041857004,-0.025482797592330995,7
2021-10-18,0.0014949622564017773,0.0037491340578088292,7
2021-10-19,0.0007549903821200132,-0.0009627213665426512,7
2021-10-20,0.0012049080105498433,0.003685409432387655,7
2021-10-21,0.0011861242819577456,0.0037781074606916157,7
2021-10-22,0.0013903710059821606,-0.01293651440374835,7
2021-10-23,0.001151169533841312,-0.00951461389016109,7
2021-10-24,0.0005692695267498493,0.00687473950196576,7
2021-10-25,0.00039234032738022506,-0.01582285682366965,7
2021-10-26,0.0002082077699014917,-0.009028909608107812,7
2021-10-27,0.0007317854324355721,0.0032024763718158152,7
2021-10-28,6.777606904506683e-05,0.0026975710707128485,7
2021-10-29,0.0004224689328111708,-0.0016507101800434184,7
2021-10-30,0.0005916723748669028,0.013836320377335102,7
2021-10-31,0.000309793627820909,0.000488692215085085,7
2021-11-01,0.0006558260647580028,0.0030895170784733077,7
2021-11-02,0.0006142524071037769,0.009479765056118404,7
2021-11-03,0.000649578869342804,-0.01029187089106575,7
2021-11-04,0.0011693426640704274,0.0007038631547528938,7
2021-11-05,0.001289332751184702,0.005236320636845762,7
2021-11-06,0.0016846656799316406,-0.004803420197184709,7
2021-11-07,0.0019778264686465263,-0.0030885397893932434,7
2021-11-08,0.0013999752700328827,0.0032508291516818227,7
2021-11-09,0.0007965471595525742,0.012204124483412777,7
2021-11-10,0.0004891766584478319,-0.011393072504594332,7
2021-11-11,0.0002680918842088431,-0.0035193192608731806,7
2021-11-12,0.0007778600556775928,0.00454570835241086,7
2021-11-13,0.0005237041041254997,0.002372864188378799,7
2021-11-14,0.0006552329286932945,-0.001994986238458702,7
2021-11-15,0.0007389960810542107,0.012177282143265925,7
2021-11-16,0.0007338295690715313,-0.023576200553054837,7
2021-11-17,0.0026686012279242277,-0.010040410245930116,7
2021-11-18,0.0017212352249771357,0.0033580169728919754,7
2021-11-19,0.0007161849644035101,0.016514886861494393,7
2021-11-20,0.0010647234739735723,-0.005039978152587018,7
2021-11-21,0.0017280472675338387,-0.0009784204726835586,7
2021-11-22,0.0023023539688438177,-0.0022867217580766967,7
2021-11-23,0.0019480818882584572,0.002069164920495018,7
2021-11-24,0.0010348351206630468,-0.004688956849056376,7
2021-11-25,0.0007297861156985164,0.0002732165804816642,7
2021-11-26,0.00025939123588614166,-0.003009495855738213,7
2021-11-27,0.00019813180551864207,-0.001974767509551201,7
2021-11-28,0.0007489470299333334,-0.002033694052952582,7
2021-11-29,0.00029122165869921446,-0.005627911566081535,7
2021-11-30,0.0006086943903937936,-0.003214367653445012,7
2021-12-01,0.00019587262067943811,-0.021092384570716334,7
2021-12-02,0.001564514939673245,-0.001191224561670807,7
2021-12-03,0.0013365601189434528,-0.014464448871632054,7
2021-12-04,0.0010864814976230264,0.0018410913663758606,7
2021-12-05,0.00023209600476548076,0.0014933948783549123,7
2021-12-06,0.00011386236292310059,-0.006102494470754431,7
2021-12-07,0.00022245733998715878,-0.003992483243427217,7
2021-12-08,0.0005080051487311721,0.006184454587163002,7
2021-12-09,0.0003043681790586561,-0.017261347416831937,7
2021-12-10,-0.0003545991494320333,-0.0012905498359506978,7
2021-12-11,-0.0008380965446121991,0.003866663672796507,7
2021-12-12,-0.0008674660930410028,0.00029232073639129977,7
2021-12-13,-5.020888056606054e-05,-0.006156752274987676,7
2021-12-14,0.0004051250289194286,0.007733809346685208,7
2021-12-15,-0.0006461734883487225,0.008137687316241668,7
2021-12-16,-0.0001947122800629586,-0.004816489798737475,7
2021-12-17,-0.00042869197204709053,-0.0008147114044680675,7
2021-12-18,0.00010328585631214082,0.0008147114044679789,7
2021-12-19,-0.00013668547035194933,0.028726568946724,7
2021-12-20,3.570395347196609e-05,0.007096622292371754,7
2021-12-21,3.893084067385644e-05,0.0033057881344996315,7
2021-12-22,0.0003077081055380404,0.0011181306023197483,7
2021-12-23,0.0002995877875946462,-0.007459163605415433,7
2021-12-24,0.0003875531838275492,0.017023825299837928,7
2021-12-25,0.00042073847725987434,-0.008726883433240079,7
2021-12-26,0.0002824642579071224,0.007785602668301145,7
2021-12-27,-5.9563913964666426e-05,0.003925367859959108,7
2021-12-28,9.796954691410065e-05,0.0007722008105723896,7
2021-12-29,9.886604675557464e-05,-0.0035902714695841,7
2021-12-30,7.388919766526669e-05,0.004582225700596921,7
2021-12-31,0.00011541608546394855,-0.009630360016798565,7
2022-01-01,-0.00011111749336123466,-0.004682543814229234,7
2022-01-02,-0.000783556723035872,-0.0072902969815023385,7
2022-01-03,-0.000447972648544237,-0.003100428087487903,7
2022-01-04,-0.000607570051215589,-0.004697102662674688,7
2022-01-05,-0.0008119054837152362,-0.008259096302538283,7
2022-01-06,-0.000782893446739763,0.007294310892439267,7
2022-01-07,-0.00046429206850007176,0.0001703238996934476,7
2022-01-08,-0.00047564334818162024,0.005604475594190272,7
2022-01-09,-9.227066766470671e-05,-0.01226869870331853,7
2022-01-10,-8.237495785579085e-05,-5.715102159006618e-05,7
2022-01-11,-9.767641313374043e-05,-0.0076879323004819715,7
2022-01-12,-0.0004814405692741275,-0.005833951564534851,7
2022-01-13,-0.00053877237951383,-0.009838530823334843,7
2022-01-14,-0.0006778210517950356,0.007750847392850793,7
2022-01-15,-0.0009483140893280506,-0.005646936851133828,7
2022-01-16,-0.0013858084566891193,-0.007324311257365997,7
2022-01-17,-0.0012037217384204268,0.015985393678210346,7
2022-01-18,-0.001274558249861002,-0.004408359807404612,7
2022-01-19,-0.0010636092629283667,0.004871269201158549,7
2022-01-20,-0.0006679052603431046,0.006918049036875569,7
2022-01-21,-0.0007011668640188873,-0.013418362117028893,7
2022-01-22,-0.0010066882241517305,-0.0048446030839248665,7
2022-01-23,-0.00101426150649786,-0.018781558453750208,7
2022-01-24,-0.0012199842603877187,0.003689601900419946,7
2022-01-25,-0.0011961410054937005,-0.003153169165160062,7
2022-01-26,-0.0011915994109585881,-0.0042396982266321446,7
2022-01-27,-0.0012938363943248987,0.002748896197341537,7
2022-01-28,-0.0017266760114580393,0.003217352632334436,7
2022-01-29,-0.001168148359283805,-0.015284860164435662,7
2022-01-30,-0.00019799196161329746,-0.01349974895040187,7
2022-01-31,-0.0006955543649382889,0.0017127481554223964,7
2022-02-01,-0.0006993600400164723,0.020447146331202853,7
2022-02-02,-0.000602422805968672,-0.0008386749428266961,7
2022-02-03,-0.000997526221908629,0.0020355631766728163,7
2022-02-04,-0.0001493454910814762,0.017783515488672578,7
2022-02-05,0.0002332156291231513,0.01660635394207943,7
2022-02-06,0.0008928999886848032,-0.005621085121878718,7
2022-02-07,-7.653626380488276e-05,0.0,7
2022-02-08,-0.00022743194131180644,-0.0067053689912978795,7
2022-02-09,-0.0006004970637150109,-0.020151368845949886,7
2022-02-10,-0.0002950909547507763,0.0064262984455284,7
2022-02-11,-0.0007405212963931262,-0.005054269715963864,7
2022-02-12,-0.0002587320050224662,-0.00029810702262802357,7
2022-02-13,-0.0007622768171131611,-0.016898083916286177,7
2022-02-14,-0.0007777733844704926,0.00911594347423118,7
2022-02-15,-0.0007104200776666403,-0.004940066676448416,7
2022-02-16,-0.0011798052582889795,-0.01313088775409843,7
2022-02-17,-0.0008411059970967472,0.0015897282467548784,7
2022-02-18,-0.000894667929969728,0.011843082760746625,7
2022-02-19,-0.0012789336033165455,-0.001329144709933134,7
2022-02-20,-0.0011139013804495335,0.002355002447064943,7
2022-02-21,-0.001046040328219533,0.006732413022157169,7
2022-02-22,-0.0009239772916771472,-0.0021590508566931496,7
2022-02-23,-0.0006075671990402043,-0.012566622599858388,7
2022-02-24,-0.0011402991367504,-0.0024958162400091698,7
2022-02-25,-0.0011866263812407851,0.005470473161042072,7
2022-02-26,-0.0008125316817313433,0.00018183471274758984,7
2022-02-27,-0.0008391872979700565,-0.011643278231754196,7
2022-02-28,-0.0009525056229904294,0.027635923540884694,7
2022-03-01,-0.0003810067137237638,0.002323434961403358,7
2022-03-02,-0.0006251513259485364,0.020904632882747343,7
2022-03-03,0.001248392160050571,-0.0013412253811040942,7
2022-03-04,0.000294014549581334,0.023073066008443437,7
2022-03-05,0.004509126301854849,0.008912664374038563,7
2022-03-06,0.0027696918696165085,0.004229766901743624,7
2022-03-07,0.0027253199368715286,-5.627937081152412e-05,7
2022-03-08,0.002020660089328885,-0.000562967981991273,7
2022-03-09,0.0006405557505786419,-0.007234122200356138,7
2022-03-10,-1.6124686226248741e-06,-0.004889985294191681,7
2022-03-11,3.39612306561321e-05,-0.008471716380195251,7
2022-03-12,-0.000998406088910997,0.00017243856918730844,7
2022-03-13,-0.0009128920501098037,0.003270695786135673,7
2022-03-14,-0.0003428467898629606,0.004800557853322124,7
2022-03-15,1.2595381122082472e-05,-0.00039913893839359997,7
2022-03-16,-0.0005121502908878028,-0.007442242853606403,7
2022-03-17,-0.0006757121882401407,0.013356362936190662,7
2022-03-18,0.0006010527722537518,-0.0021568858401537104,7
2022-03-19,0.0005388436838984489,0.03093866522946678,7
2022-03-20,0.005043883342295885,-0.0030898281037760314,7
2022-03-21,0.0019413379486650229,-0.015762391563416685,7
2022-03-22,-0.0006413363153114915,0.0006173359345256549,7
2022-03-23,-0.00044558581430464983,0.00871416529860054,7
2022-03-24,0.0008905899012461305,0.0019447151565822316,7
2022-03-25,0.0012473671231418848,0.005093859638448907,7
2022-03-26,0.001696877647191286,-0.010213799589045246,7
2022-03-27,-0.0004669427580665797,0.018354210858139895,7
2022-03-28,0.0012461573351174593,-0.003731961962719308,7
2022-03-29,1.5586483641527593e-06,-0.017136146479220103,7
2022-03-30,-0.0016619674861431122,0.0069119561692327575,7
2022-03-31,0.00014108851610217243,-0.0013896997706144645,7
2022-04-01,0.00046977525926195085,0.01529107103040666,7
2022-04-02,0.0024834240321069956,0.0,7
2022-04-03,0.000806702533736825,-0.016627002205993873,7
2022-04-04,-0.0011861263774335384,0.0049451413457553,7
2022-04-05,-0.0013293857919052243,0.010421068586880708,7
2022-04-06,0.0005966336466372013,-0.004012206871762414,7
2022-04-07,0.0005891594919376075,0.005601640217256916,7
2022-04-08,0.0008573768427595496,0.00010952302732606673,7
2022-04-09,0.0007905390812084079,0.010838000594283873,7
2022-04-10,0.0011268611997365952,0.006963402944920218,7
2022-04-11,0.0016743524465709925,-0.009947103316687557,7
2022-04-12,0.00017478960216976702,0.015686384766472144,7
2022-04-13,0.0015480079455301166,0.004322888653218472,7
2022-04-14,0.0023892633616924286,-0.0006925392493715316,7
2022-04-15,0.0020655468106269836,0.0012781596244014503,7
2022-04-16,0.001987373922020197,0.010535608477686132,7
2022-04-17,0.0026389709673821926,0.011988103261218594,7
2022-04-18,0.0037769144400954247,-0.0061593262892725344,7
2022-04-19,0.001820267178118229,-0.0014147129945216476,7
2022-04-20,0.002065206179395318,-0.00010484505416818757,7
2022-04-21,0.0015783170238137245,0.008823049222507892,7
2022-04-22,0.0029472894966602325,0.0022325494073531047,7
2022-04-23,0.002982539124786854,0.000207425846003955,7
2022-04-24,0.002045194385573268,0.00351967237055815,7
2022-04-25,0.0019217119552195072,0.003713258521387887,7
2022-04-26,0.0018034897511824965,-0.006507279069298881,7
2022-04-27,0.0011950202751904726,-0.00031092916247801844,7
2022-04-28,0.0013678703689947724,0.005066443138542046,7
2022-04-29,0.0018017897382378578,0.003140689928775912,7
2022-04-30,0.0022983397357165813,-0.0012859753321815392,7
2022-05-01,0.0018782514380291104,-0.006195806685251902,7
2022-05-02,0.0012891150545328856,-0.02847279593038859,7
2022-05-03,0.0013824382331222296,0.001544155148283392,7
2022-05-04,0.001542820013128221,0.0028159304530349697,7
2022-05-05,0.0015067908680066466,0.0031254163966157,7
2022-05-06,0.0017112826462835073,-0.0064735448398596344,7
2022-05-07,0.0014204022008925676,-0.0021316288380568444,7
2022-05-08,0.0007447167299687862,-0.005885517256653577,7
2022-05-09,-0.0003797376120928675,0.0010190673734500812,7
2022-05-10,0.0003308997838757932,-0.010833641410330903,7
2022-05-11,4.3937587179243565e-05,0.0035162731315144637,7
2022-05-12,0.0006218028138391674,-0.000864397676728493,7
2022-05-13,0.0007135232444852591,-0.004170396273726586,7
2022-05-14,0.0005445946590043604,-0.005169376223786698,7
2022-05-15,-0.000225462339585647,0.004626488045414979,7
2022-05-16,0.0005009158630855381,-0.008014654574276161,7
2022-05-17,-0.00030498471460305154,-0.005323978655832725,7
2022-05-18,-9.850252536125481e-05,0.004283367339758362,7
2022-05-19,0.0003688317665364593,0.006445292139720014,7
2022-05-20,0.0002605045447126031,0.004725573009966119,7
2022-05-21,0.0005545784952118993,-0.002658782325379654,7
2022-05-22,0.0005593732348643243,0.007631765547049764,7
2022-05-23,0.0005658620502799749,0.0,7
2022-05-24,0.0005094818770885468,-0.01883253829528455,7
2022-05-25,0.00043605922837741673,-0.0007695267790286521,7
2022-05-26,-2.7817673981189728e-05,0.00875949978374268,7
2022-05-27,0.0006577740423381329,0.017613508456736454,7
2022-05-28,0.0009435758111067116,0.02606062328831813,7
2022-05-29,0.0025396959390491247,-0.002926270573284095,7
2022-05-30,0.0011444701813161373,0.010619016031227942,7
2022-05-31,0.0005277274758554995,-0.004306884689773978,7
2022-06-01,0.0012355106882750988,0.025922149514122153,7
2022-06-02,0.006028447300195694,0.004701371043516955,7
2022-06-03,0.0038612817879766226,-0.021255164469373207,7
2022-06-04,0.0007333479588851333,0.004369400633950762,7
2022-06-05,0.0009071780950762331,0.023470853104955048,7
2022-06-06,0.0016350280493497849,-0.006080879104058261,7
2022-06-07,0.001341688446700573,-0.015238003093051183,7
2022-06-08,0.001036832807585597,0.010032421884059723,7
2022-06-09,0.0024288687855005264,-0.003349916847054823,7
2022-06-10,0.002365309279412031,0.015537819528839284,7
2022-06-11,0.002542617730796337,-0.005773253315428144,7
2022-06-12,0.0010142739629372954,0.007123895075490365,7
2022-06-13,-0.00033795495983213186,0.018719904849844513,7
2022-06-14,0.0005054367356933653,-0.0012764496799157448,7
2022-06-15,0.001721108565106988,-0.004529796027212087,7
2022-06-16,0.002092225244268775,-0.011215441862302942,7
2022-06-17,0.0015079000731930137,0.007556961487674952,7
2022-06-18,0.002379008801653981,0.0029179772923861595,7
2022-06-19,0.0012142239138484001,0.014901506071739339,7
2022-06-20,0.001398666761815548,-0.019405683756185628,7
2022-06-21,0.0005252828123047948,-0.004375069124439373,7
2022-06-22,0.0008832263993099332,0.006307915718004628,7
2022-06-23,0.0016175219789147377,-0.0061584500574618384,7
2022-06-24,0.0015353196067735553,0.005861332099447479,7
2022-06-25,0.0013960315845906734,-0.014266004115956491,7
2022-06-26,0.0011107224272564054,0.004661312101377117,7
2022-06-27,-0.00044602027628570795,0.002347477540812583,7
2022-06-28,0.0009009509230963886,-0.004249475211152341,7
2022-06-29,0.0011617712443694472,0.0015018776289907531,7
2022-06-30,0.0015943963080644608,5.00237612969614e-05,7
2022-07-01,0.0014531966298818588,-0.0034575235506317,7
2022-07-02,0.0008337064064107835,0.015490286074083613,7
2022-07-03,0.0011164654279127717,0.006748295441657075,7
2022-07-04,0.0009238215861842036,0.009138285304821438,7
2022-07-05,0.0009765916038304567,-0.015145492300712899,7
2022-07-06,0.001222250866703689,0.004139976341833153,7
2022-07-07,0.0014885824639350176,0.004759460420860275,7
2022-07-08,0.001985069364309311,-0.0028431391700960056,7
2022-07-09,0.001619373681023717,-0.008182222304983427,7
2022-07-10,0.0018660812638700008,-0.00034650892607182614,7
2022-07-11,0.0009775094222277403,0.001434755966593282,7
2022-07-12,0.0008390885195694864,-0.014792211346255224,7
2022-07-13,0.00067190668778494,-0.0040725061942627405,7
2022-07-14,0.001205750391818583,-0.012726107816813955,7
2022-07-15,0.0012722359970211983,0.011062171973431706,7
2022-07-16,0.0016021670307964087,-0.002222896742345468,7
2022-07-17,0.0015984108904376626,-0.0013665007061001199,7
2022-07-18,0.00019755028188228607,-0.005026539485934904,7
2022-07-19,-0.0007818863377906382,-0.010695289116747919,7
2022-07-20,-0.0009414656669832766,0.0003086419777587646,7
2022-07-21,0.0008899160893633962,0.016729109479054715,7
2022-07-22,0.0008845823467709124,-0.009707580490379057,7
2022-07-23,0.001182334846816957,0.012233344613493858,7
2022-07-24,0.0005988379707559943,0.006737756784838877,7
2022-07-25,0.0009247452253475785,-0.013064169058599518,7
2022-07-26,0.0016794507391750813,0.0023834286999940613,7
2022-07-27,0.001347636803984642,0.0036402285003066495,7
2022-07-28,0.001612533233128488,-0.011726320312482757,7
2022-07-29,0.0021569926757365465,0.010261710571115051,7
2022-07-30,0.0013729750644415617,-0.0007078214563179519,7
2022-07-31,0.0017785609234124422,-0.003800455561155302,7
2022-08-01,0.0004159473755862564,-0.0056513145849548885,7
2022-08-02,0.000871334399562329,0.005245078861092716,7
2022-08-03,0.000665234518237412,0.000913798418750267,7
2022-08-04,0.0007950878934934735,0.00025368477266359923,7
2022-08-05,0.0004930366994813085,-0.011993305103346497,7
2022-08-06,0.00047354301204904914,-0.006283498218151302,7
2022-08-07,0.0003453669778537005,0.0048448708313569445,7
2022-08-08,0.0006365385488606989,-0.010960146936923995,7
2022-08-09,0.0006120973266661167,0.003062312620730572,7
2022-08-10,0.00025078500038944185,0.0021742515165809,7
2022-08-11,0.0007546304259449244,-0.005184582330932025,7
2022-08-12,0.0006046820781193674,-0.0008320333293311781,7
2022-08-13,0.00031488516833633184,-0.002239525948393139,7
2022-08-14,0.0001677542895777151,0.005978236295662393,7
2022-08-15,-0.0002892852062359452,5.182824122009285e-05,7
2022-08-16,0.00039724211092107,-0.001244619773798587,7
2022-08-17,8.507589518558234e-05,-0.0038994616386217114,7
2022-08-18,0.00020607392070814967,-0.00219034247773413,7
2022-08-19,0.00017692521214485168,0.008888023374057955,7
2022-08-20,0.00018177427409682423,-0.000776498033062551,7
2022-08-21,-0.00010692460637073964,0.0031540058720166053,7
2022-08-22,-0.0002230836689705029,0.012619434934809019,7
2022-08-23,-0.000249042350333184,0.0010699274998497285,7
2022-08-24,0.00022159954824019223,0.00030548342989971923,7
2022-08-25,5.299589247442782e-05,-0.004080805499887455,7
2022-08-26,0.00015637655451428145,0.012394753825074689,7
2022-08-27,0.00022456911392509937,0.0,7
2022-08-28,0.00020480116654653102,-0.005010512291828243,7
2022-08-29,0.00011817840277217329,-0.002184127852392881,7
2022-08-30,0.0001544350088806823,-0.002239870616765347,7
2022-08-31,-1.64568773470819e-05,0.0007641560268940848,7
2022-09-01,-2.338610647711903e-05,0.0032538541088519427,7
2022-09-02,-9.94741712929681e-05,-0.012462493387706197,7
2022-09-03,0.0002977347176056355,0.027475369814710437,7
2022-09-04,3.753027704078704e-05,0.004639453583848925,7
2022-09-05,0.00041981611866503954,-0.015246032522336115,7
2022-09-06,0.0005446635186672211,-0.0019222020183312784,7
2022-09-07,2.0227424101904035e-05,-0.00314417825837621,7
2022-09-08,-0.00021807927987538278,0.0037009852379107653,7
2022-09-09,5.818420322611928e-05,-0.003091662582722731,7
2022-09-10,-5.628739017993212e-05,-0.005140091217219825,7
2022-09-11,-0.00022539697238244116,-0.004756433976899747,7
2022-09-12,-0.00014503885176964104,-0.0008719067099360456,7
2022-09-13,-0.0004898097831755877,-0.0011808498355853328,7
2022-09-14,-0.00032063922844827175,-0.0013365549720088365,7
2022-09-15,-0.0005079642287455499,-0.0045370257245669,7
2022-09-16,-0.0004952020826749504,-0.0035718945702582095,7
2022-09-17,-0.0006447437917813659,-0.006816729921850645,7
2022-09-18,-0.0009746192954480648,0.0006785500169009703,7
2022-09-19,-0.0005569002823904157,0.003385860768169978,7
2022-09-20,-0.0004371570248622447,0.0015588467692910996,7
2022-09-21,-0.00035929339355789125,0.011409225229087439,7
2022-09-22,-0.00013591547030955553,-0.0005134524655829634,7
2022-09-23,-0.00017672445392236114,-0.003704660784514928,7
2022-09-24,-0.0001990722375921905,0.003550573622238817,7
2022-09-25,-5.618570139631629e-05,0.009356135634422068,7
2022-09-26,-4.2804109398275614e-05,0.004012092428893852,7
2022-09-27,0.00015956806601025164,-0.0036050713090544674,7
2022-09-28,9.561819024384022e-05,0.0006102212241225254,7
2022-09-29,0.00010750070214271545,-0.007398559146112361,7
2022-09-30,-0.0001206098822876811,-0.01361269362265199,7
2022-10-01,-0.0002783801464829594,0.00930145721804951,7
2022-10-02,-0.0005074446671642363,-0.0008747781451661093,7
2022-10-03,-0.0005189194343984127,0.00010295480293246055,7
2022-10-04,-0.0005359051865525544,0.0023136851885277848,7
2022-10-05,-0.0003159405314363539,-0.006233438518161123,7
2022-10-06,-0.00042080541606992483,-0.0013445032535245682,7
2022-10-07,-0.00045453914208337665,0.0001552272789188659,7
2022-10-08,-0.00026710634119808674,0.006909024647392835,7
2022-10-09,-0.00018927152268588543,0.003692690625488056,7
2022-10-10,-0.00034517497988417745,0.00015356658421308476,7
2022-10-11,-3.521872713463381e-05,0.00683536634009362,7
2022-10-12,1.6532747395103797e-05,-0.014078610706486175,7
2022-10-13,-0.00018994126003235579,0.0030886465406507113,7
2022-10-14,-0.00012548024824354798,-0.004636554594417101,7
2022-10-15,-0.0002540603163652122,-0.008712844247994123,7
2022-10-16,-0.00012142777268309146,-0.015168107742262394,7
2022-10-17,-0.00039800346712581813,-0.006526087626759233,7
2022-10-18,-0.000930015230551362,-0.006676127020989016,7
2022-10-19,-0.0009936693822965026,-0.010179712499140329,7
2022-10-20,-0.001135665224865079,-0.003090522155165634,7
2022-10-21,-0.0010746425250545144,-0.003644973162103133,7
2022-10-22,-0.0013805730268359184,-0.001636393754129786,7
2022-10-23,-0.0016233664937317371,0.0072885827147783815,7
2022-10-24,-0.0011541878338903189,0.010297974817750246,7
2022-10-25,-0.000541374203749001,0.005882999104460554,7
2022-10-26,-0.0006778571987524629,0.006378589638217184,7
2022-10-27,-0.00017229293007403612,-0.0022809865869411637,7
2022-10-28,-0.00036731152795255184,0.030594620514569588,7
2022-10-29,0.0011967389145866036,-0.0037153662636699378,7
2022-10-30,-0.00018985592760145664,0.0007235142434479909,7
2022-10-31,-0.0002688329841475934,0.01670120786744153,7
2022-11-01,0.0004377434670459479,0.006179112043029759,7
2022-11-02,8.147506014211103e-05,0.006993915147376851,7
2022-11-03,0.000523940718267113,-0.0033147536754430324,7
2022-11-04,-1.372667247778736e-05,-0.0008555827291593602,7
2022-11-05,3.1303170544561e-06,0.004421006949619453,7
2022-11-06,0.00020543124992400408,0.0012524110546692313,7
2022-11-07,3.503974585328251e-05,0.0005505643423439073,7
2022-11-08,4.893603909295052e-05,0.003546368692705302,7
2022-11-09,-0.0002838943328242749,-0.005650156284907724,7
2022-11-10,-0.0010249397018924356,-0.0034155440306889366,7
2022-11-11,-0.0007310612709261477,0.003014320292922657,7
2022-11-12,-0.000356740114511922,0.0028552126993329164,7
2022-11-13,-0.00013894514995627105,-0.005316226974769447,7
2022-11-14,-0.00018624307995196432,-0.007622257443071385,7
2022-11-15,-0.0007611514301970601,-0.007987222275571897,7
2022-11-16,-0.0013474714942276478,0.006110620908272127,7
2022-11-17,-0.00039956928230822086,-0.016430312029065183,7
2022-11-18,-0.0008415539632551372,0.006430228694481937,7
2022-11-19,-0.0007498118211515248,0.008323381470845657,7
2022-11-20,-0.00025568431010469794,-0.001119365131633629,7
2022-11-21,-0.0002786362892948091,0.01164098579400816,7
2022-11-22,0.00020085513824597,-0.001309164336025877,7
2022-11-23,0.00029100640676915646,-0.002219420835378117,7
2022-11-24,0.00010961680527543649,0.010698512349811819,7
2022-11-25,0.0004607377341017127,-0.004406175764675964,7
2022-11-26,0.0005873520276509225,0.005105371717847703,7
2022-11-27,0.0005276469164527953,-0.0003995056529654939,7
2022-11-28,0.00023153181246016175,0.005081488604310821,7
2022-11-29,0.0005131209618411958,0.013621768221098503,7
2022-11-30,0.002383764600381255,0.013196850966928126,7
2022-12-01,0.0029237554408609867,-0.004800823904429217,7
2022-12-02,0.0005520489648915827,0.015674680085291298,7
2022-12-03,0.0037872744724154472,-0.02299285686461458,7
2022-12-04,-0.0016210677567869425,-0.0028932225649683876,7
2022-12-05,-0.0012112738331779838,0.0056804422857974395,7
2022-12-06,-4.808904486708343e-05,-0.0007327260176885014,7
2022-12-07,6.39064674032852e-05,-0.015711126193176352,7
2022-12-08,-0.0016052471473813057,-0.010378816782620742,7
2022-12-09,-0.0012945777270942926,-0.00025082144153162753,7
2022-12-10,-0.0009995577856898308,0.0020548810638764425,7
2022-12-11,-0.0007237513782456517,0.02355262005464294,7
2022-12-12,0.0012976941652595997,-0.004509148452768397,7
2022-12-13,-0.00012040947331115603,0.0023551357728597306,7
2022-12-14,9.878393029794097e-06,0.0056687832008582625,7
2022-12-15,0.00014169604401104152,-0.002146446992204032,7
